"","gene1","gene2","position1","position2","counts"
"1","human-4V6X-18S","human-4V6X-28S","1700","1600",8
"2","human-4V6X-18S","human-4V6X-28S","700","2600",8
"3","human-4V6X-18S","human-4V6X-28S","100","2100",48
"4","human-4V6X-18S","human-4V6X-28S","1100","900",10
"5","human-4V6X-18S","human-4V6X-28S","700","3200",26
"6","human-4V6X-18S","human-4V6X-28S","200","700",19
"7","human-4V6X-18S","human-4V6X-28S","700","1800",23
"8","human-4V6X-18S","human-4V6X-28S","1200","1200",8
"9","human-4V6X-18S","human-4V6X-28S","200","1600",5
"10","human-4V6X-18S","human-4V6X-28S","900","2500",175
"11","human-4V6X-18S","human-4V6X-28S","900","3000",428
"12","human-4V6X-18S","human-4V6X-28S","600","2200",138
"13","human-4V6X-18S","human-4V6X-28S","900","2700",28
"14","human-4V6X-18S","human-4V6X-28S","900","4800",6
"15","human-4V6X-18S","human-4V6X-28S","500","1600",5
"16","human-4V6X-18S","human-4V6X-28S","200","3000",17
"17","human-4V6X-18S","human-4V6X-28S","700","700",240
"18","human-4V6X-18S","human-4V6X-28S","700","4200",43
"19","human-4V6X-18S","human-4V6X-28S","600","4900",11
"20","human-4V6X-18S","human-4V6X-28S","700","2300",96
"21","human-4V6X-18S","human-4V6X-28S","100","4300",9
"22","human-4V6X-18S","human-4V6X-28S","300","900",6
"23","human-4V6X-18S","human-4V6X-28S","1300","4600",8
"24","human-4V6X-18S","human-4V6X-28S","700","1600",18
"25","human-4V6X-18S","human-4V6X-28S","700","1300",6
"26","human-4V6X-18S","human-4V6X-28S","700","4700",87
"27","human-4V6X-18S","human-4V6X-28S","1300","2200",33
"28","human-4V6X-18S","human-4V6X-28S","100","1900",7
"29","human-4V6X-18S","human-4V6X-28S","1700","2800",6
"30","human-4V6X-18S","human-4V6X-28S","700","2900",425
"31","human-4V6X-18S","human-4V6X-28S","1100","3000",59
"32","human-4V6X-18S","human-4V6X-28S","1100","400",9
"33","human-4V6X-18S","human-4V6X-28S","1600","3200",6
"34","human-4V6X-18S","human-4V6X-28S","1500","1600",34
"35","human-4V6X-18S","human-4V6X-28S","300","1400",5
"36","human-4V6X-18S","human-4V6X-28S","1600","2100",123
"37","human-4V6X-18S","human-4V6X-28S","1100","2800",5
"38","human-4V6X-18S","human-4V6X-28S","700","800",396
"39","human-4V6X-18S","human-4V6X-28S","200","3600",4
"40","human-4V6X-18S","human-4V6X-28S","100","1600",37
"41","human-4V6X-18S","human-4V6X-28S","400","2700",11
"42","human-4V6X-18S","human-4V6X-28S","900","2200",65
"43","human-4V6X-18S","human-4V6X-28S","400","900",8
"44","human-4V6X-18S","human-4V6X-28S","700","4900",10
"45","human-4V6X-18S","human-4V6X-28S","200","2200",30
"46","human-4V6X-18S","human-4V6X-28S","700","500",75
"47","human-4V6X-18S","human-4V6X-28S","200","800",76
"48","human-4V6X-18S","human-4V6X-28S","700","3900",7
"49","human-4V6X-18S","human-4V6X-28S","1600","2200",9
"50","human-4V6X-18S","human-4V6X-28S","700","600",71
"51","human-4V6X-18S","human-4V6X-28S","700","2400",2310
"52","human-4V6X-18S","human-4V6X-28S","1300","4000",5
"53","human-4V6X-18S","human-4V6X-28S","400","1700",10
"54","human-4V6X-18S","human-4V6X-28S","200","1000",7
"55","human-4V6X-18S","human-4V6X-28S","900","700",24
"56","human-4V6X-18S","human-4V6X-28S","1600","2400",10
"57","human-4V6X-18S","human-4V6X-28S","400","2100",20
"58","human-4V6X-18S","human-4V6X-28S","1100","500",23
"59","human-4V6X-18S","human-4V6X-28S","400","4000",5
"60","human-4V6X-18S","human-4V6X-28S","400","100",9
"61","human-4V6X-18S","human-4V6X-28S","900","2300",10
"62","human-4V6X-18S","human-4V6X-28S","900","400",9
"63","human-4V6X-18S","human-4V6X-28S","700","2100",863
"64","human-4V6X-18S","human-4V6X-28S","200","4700",165
"65","human-4V6X-18S","human-4V6X-28S","1300","1400",23
"66","human-4V6X-18S","human-4V6X-28S","1600","2000",5
"67","human-4V6X-18S","human-4V6X-28S","1600","1600",17
"68","human-4V6X-18S","human-4V6X-28S","1100","800",10
"69","human-4V6X-18S","human-4V6X-28S","900","1600",37
"70","human-4V6X-18S","human-4V6X-28S","1100","1700",4
"71","human-4V6X-18S","human-4V6X-28S","1600","400",5
"72","human-4V6X-18S","human-4V6X-28S","700","4600",26
"73","human-4V6X-18S","human-4V6X-28S","1700","4300",23
"74","human-4V6X-18S","human-4V6X-28S","1300","0",5
"75","human-4V6X-18S","human-4V6X-28S","700","100",167
"76","human-4V6X-18S","human-4V6X-28S","1700","1400",8
"77","human-4V6X-18S","human-4V6X-28S","1300","2100",12
"78","human-4V6X-18S","human-4V6X-28S","1700","4900",14
"79","human-4V6X-18S","human-4V6X-28S","1600","4500",25
"80","human-4V6X-18S","human-4V6X-28S","900","2100",20
"81","human-4V6X-18S","human-4V6X-28S","800","2100",10
"82","human-4V6X-18S","human-4V6X-28S","700","1400",16
"83","human-4V6X-18S","human-4V6X-28S","700","200",7
"84","human-4V6X-18S","human-4V6X-28S","1500","1700",18
"85","human-4V6X-18S","human-4V6X-28S","1600","2900",41
"86","human-4V6X-18S","human-4V6X-28S","1600","1700",7
"87","human-4V6X-18S","human-4V6X-28S","600","1100",5
"88","human-4V6X-18S","human-4V6X-28S","500","2900",8
"89","human-4V6X-18S","human-4V6X-28S","900","2000",19
"90","human-4V6X-18S","human-4V6X-28S","700","5000",14
"91","human-4V6X-18S","human-4V6X-28S","200","1400",20
"92","human-4V6X-18S","human-4V6X-28S","200","3500",65
"93","human-4V6X-18S","human-4V6X-28S","700","2200",88
"94","human-4V6X-18S","human-4V6X-28S","1700","2100",62
"95","human-4V6X-18S","human-4V6X-28S","700","1000",15
"96","human-4V6X-18S","human-4V6X-28S","1300","1700",56
"97","human-4V6X-18S","human-4V6X-28S","1600","3000",55
"98","human-4V6X-18S","human-4V6X-28S","700","1200",85
"99","human-4V6X-18S","human-4V6X-28S","400","4100",10
"100","human-4V6X-18S","human-4V6X-28S","1100","700",107
"101","human-4V6X-18S","human-4V6X-28S","500","800",9
"102","human-4V6X-18S","human-4V6X-28S","1600","3800",7
"103","human-4V6X-18S","human-4V6X-28S","800","4200",10
"104","human-4V6X-18S","human-4V6X-28S","200","4800",29
"105","human-4V6X-18S","human-4V6X-28S","700","4100",137
"106","human-4V6X-18S","human-4V6X-28S","400","2200",44
"107","human-4V6X-18S","human-4V6X-28S","200","100",45
"108","human-4V6X-18S","human-4V6X-28S","400","500",10
"109","human-4V6X-18S","human-4V6X-28S","1700","2400",6
"110","human-4V6X-18S","human-4V6X-28S","1700","3100",6
"111","human-4V6X-18S","human-4V6X-28S","400","1600",22
"112","human-4V6X-18S","human-4V6X-28S","400","1000",13
"113","human-4V6X-18S","human-4V6X-28S","0","2800",8
"114","human-4V6X-18S","human-4V6X-28S","1200","1100",4
"115","human-4V6X-18S","human-4V6X-28S","1600","2800",45
"116","human-4V6X-18S","human-4V6X-28S","900","500",89
"117","human-4V6X-18S","human-4V6X-28S","1300","1100",9
"118","human-4V6X-18S","human-4V6X-28S","700","2000",146
"119","human-4V6X-18S","human-4V6X-28S","1300","2800",9
"120","human-4V6X-18S","human-4V6X-28S","100","1200",43
"121","human-4V6X-18S","human-4V6X-28S","900","100",21
"122","human-4V6X-18S","human-4V6X-28S","700","3500",16
"123","human-4V6X-18S","human-4V6X-28S","200","2900",21
"124","human-4V6X-18S","human-4V6X-28S","800","2200",35
"125","human-4V6X-18S","human-4V6X-28S","700","2700",11
"126","human-4V6X-18S","human-4V6X-28S","700","3300",250
"127","human-4V6X-18S","human-4V6X-28S","600","4700",86
"128","human-4V6X-18S","human-4V6X-28S","900","3800",13
"129","human-4V6X-18S","human-4V6X-28S","100","0",9
"130","human-4V6X-18S","human-4V6X-28S","400","3800",10
"131","human-4V6X-18S","human-4V6X-28S","1300","4900",8
"132","human-4V6X-18S","human-4V6X-28S","1500","1500",44
"133","human-4V6X-18S","human-4V6X-28S","900","4700",21
"134","human-4V6X-18S","human-4V6X-28S","400","3000",383
"135","human-4V6X-18S","human-4V6X-28S","100","2400",60
"136","human-4V6X-18S","human-4V6X-28S","900","2800",5
"137","human-4V6X-18S","human-4V6X-28S","400","1100",14
"138","human-4V6X-18S","human-4V6X-28S","200","900",50
"139","human-4V6X-18S","human-4V6X-28S","200","400",6
"140","human-4V6X-18S","human-4V6X-28S","600","1600",15
"141","human-4V6X-18S","human-4V6X-28S","700","1100",239
"142","human-4V6X-18S","human-4V6X-28S","1700","2900",17
"143","human-4V6X-18S","human-4V6X-28S","600","500",8
"144","human-4V6X-18S","human-4V6X-28S","100","2700",4
"145","human-4V6X-18S","human-4V6X-28S","100","1500",61
"146","human-4V6X-18S","human-4V6X-28S","500","3000",28
"147","human-4V6X-18S","human-4V6X-28S","600","3000",163
"148","human-4V6X-18S","human-4V6X-28S","1300","4500",12
"149","human-4V6X-18S","human-4V6X-28S","700","4800",43
"150","human-4V6X-18S","human-4V6X-28S","400","2500",9
"151","human-4V6X-18S","human-4V6X-28S","700","2800",82
"152","human-4V6X-18S","human-4V6X-28S","100","3600",50
"153","human-4V6X-18S","human-4V6X-28S","100","4600",43
"154","human-4V6X-18S","human-4V6X-28S","1100","2200",123
"155","human-4V6X-18S","human-4V6X-28S","400","2900",18
"156","human-4V6X-18S","human-4V6X-28S","1300","1900",12
"157","human-4V6X-18S","human-4V6X-28S","700","3000",46
"158","human-4V6X-18S","human-4V6X-28S","300","3000",26
"159","human-4V6X-18S","human-4V6X-28S","200","3900",20
"160","human-4V6X-18S","human-4V6X-28S","100","4500",10
"161","human-4V6X-18S","human-4V6X-28S","700","3800",122
"162","human-4V6X-18S","human-4V6X-28S","400","1500",4
"163","human-4V6X-18S","human-4V6X-28S","900","200",29
"164","human-4V6X-18S","human-4V6X-28S","1300","1600",10
"165","human-4V6X-18S","human-4V6X-28S","100","1800",9
"166","human-4V6X-18S","human-4V6X-28S","1300","4700",5
"167","human-4V6X-18S","human-4V6X-28S","700","400",235
"168","human-4V6X-18S","human-4V6X-28S","200","4200",7
"169","human-4V6X-18S","human-4V6X-28S","700","4000",161
"170","human-4V6X-18S","human-4V6X-28S","1600","1500",69
"171","human-4V6X-18S","human-4V6X-28S","900","800",30
"172","human-4V6X-18S","human-4V6X-28S","100","1400",25
"173","human-4V6X-18S","human-4V6X-28S","600","1000",7
"174","human-4V6X-18S","human-4V6X-28S","200","1700",5
"175","human-4V6X-18S","human-4V6X-28S","1100","2300",4
"176","human-4V6X-18S","human-4V6X-28S","300","100",59
"177","human-4V6X-18S","human-4V6X-28S","100","3800",30
"178","human-4V6X-18S","human-4V6X-28S","300","2100",8
"179","human-4V6X-18S","human-4V6X-28S","700","1900",11
"180","human-4V6X-18S","human-4V6X-28S","700","3400",112
"181","human-4V6X-18S","human-4V6X-28S","900","2400",81
"182","human-4V6X-18S","human-4V6X-28S","600","1800",5
"183","human-4V6X-18S","human-4V6X-28S","600","700",9
"184","human-4V6X-18S","human-4V6X-28S","700","3700",33
"185","human-4V6X-18S","human-4V6X-28S","1600","3300",4
"186","human-4V6X-18S","human-4V6X-28S","700","2500",172
"187","human-4V6X-18S","human-4V6X-28S","1300","900",4
"188","human-4V6X-18S","human-4V6X-28S","100","4000",38
"189","human-4V6X-18S","human-4V6X-28S","700","3100",402
"190","human-4V6X-18S","human-4V6X-28S","900","3900",103
"191","human-4V6X-18S","human-4V6X-28S","900","900",13
"192","human-4V6X-18S","human-4V6X-28S","1700","1500",5
"193","human-4V6X-18S","human-4V6X-28S","600","3400",5
"194","human-4V6X-18S","human-4V6X-28S","1500","1400",10
"195","human-4V6X-18S","human-4V6X-28S","400","700",4
